1,meeting,resource
2,total,practice
3,deal,finally
4,strategy,score
5,system,relationship
6,season,thus
7,our,reality
8,wife,husband
9,buy,if
10,result,chair
11,board,people
12,head,them
13,support,investment
14,serious,various
15,eight,success
16,speak,into
17,agent,personal
18,feel,per
19,support,cultural
20,tree,send
21,eight,carry
22,mouth,outside
23,when,reality
24,father,memory
25,similar,audience
26,bag,usually
27,as,leave
28,where,free
29,indeed,smile
30,writer,least
31,training,blue
32,who,set
33,history,race
34,character,yard
35,on,easy
36,agree,send
37,moment,role
38,nice,whose
39,career,right
40,customer,make
41,mind,serious
42,help,thus
43,third,worker
44,personal,our
45,one,cold
46,whom,seek
47,police,ten
48,cold,but
49,center,wait
50,tend,usually
51,why,idea
52,American,song
53,town,social
54,recent,story
55,individual,citizen
56,up,resource
57,behind,when
58,either,thought
59,or,decade
60,quite,mouth
61,spring,enough
62,allow,team
63,argue,kind
64,art,spring
65,fish,successful
66,tax,fall
67,trip,blue
68,theory,into
69,end,bill
70,prove,type
71,one,service
72,claim,authority
73,wrong,politics
74,relationship,fine
75,only,heart
76,officer,be
77,available,along
78,teacher,mention
79,she,identify
80,loss,grow
81,leave,or
82,yes,until
83,itself,might
84,goal,free
85,sing,PM
86,land,without
87,standard,policy
88,six,field
89,learn,religious
90,sense,its
91,key,let
92,theory,left
93,teacher,marriage
94,list,rather
95,to,task
96,card,him
97,western,carry
98,everything,news
99,determine,body
100,million,know
101,reveal,now
102,night,listen
103,need,back
104,garden,final
105,whom,sister
106,situation,instead
107,course,red
108,Republican,nor
109,exist,PM
110,different,window
111,benefit,myself
112,politics,three
113,others,kid
114,whatever,party
115,expect,paper
116,international,stay
117,future,great
118,bit,I
119,low,benefit
120,stop,practice
121,reflect,land
122,fear,suddenly
123,interview,recognize
124,simply,half
125,picture,listen
126,concern,capital
127,all,detail
128,position,amount
129,here,sell
130,apply,leg
131,fall,speech
132,test,sometimes
133,spring,assume
134,mission,me
135,spring,yeah
136,score,whole
137,student,color
138,pass,decide
139,forget,approach
140,lawyer,hear
141,rock,worker
142,office,identify
143,me,capital
144,front,support
145,important,training
146,however,arrive
147,along,age
148,artist,success
149,save,economy
150,relate,job
151,become,girl
152,usually,employee
153,third,assume
154,thing,ago
155,pay,available
156,member,him
157,go,gas
158,similar,leg
159,example,significant
160,two,least
161,his,attention
162,want,themselves
163,reach,likely
164,something,career
165,ten,month
166,result,begin
167,language,sometimes
168,region,opportunity
169,despite,at
170,half,media
171,federal,wind
172,white,religious
173,voice,notice
174,wrong,could
175,himself,last
176,and,serve
177,bar,draw
178,fly,environment
179,hundred,camera
180,they,set
181,least,technology
182,official,think
183,tough,garden
184,go,physical
185,just,writer
186,here,plant
187,air,partner
188,wear,he
189,boy,degree
190,raise,first
191,take,mean
192,place,pay
193,especially,office
194,tonight,Republican
195,deep,material
196,all,particularly
197,space,mind
198,feel,throughout
199,per,professional
200,again,old
1,North Paulaton
2,Collierside
3,Nathanbury
4,New George
5,South Rebeccamouth
6,South Cristian
7,Sarahton
8,West Williamview
9,North Michellefort
10,East Christopher
11,Robersonton
12,Johnsonberg
13,Martinbury
14,Diazchester
15,Nicoleton
16,Wellsshire
17,Lake Sandra
18,Allisonborough
19,Port Alexisborough
20,Rogerstown
21,Jonesfurt
22,North Crystal
23,East Jonathanburgh
24,North Arthur
25,Judyburgh
26,Lake Ginafort
27,Nixonshire
28,East Lindsaymouth
29,Pettyville
30,East Mary
31,South Amy
32,East Marcus
33,Antoniochester
34,Mclaughlinport
35,Clarkfort
36,Lake Stephaniefurt
37,Lake Taylorfort
38,Kempmouth
39,New Donald
40,Lake Patricia
41,West Mary
42,South Joseph
43,Sherryton
44,East Jeremyshire
45,North Kristenbury
46,Port Brian
47,South Brookeside
48,Grayburgh
49,Stephanieport
50,Ortizport
51,Brookemouth
52,Patrickside
53,North Teresa
54,Port Aliciamouth
55,Jeremyview
56,Hicksstad
57,North Chris
58,South Jeffreytown
59,North Tinahaven
60,New Zacharyfurt
61,North Melinda
62,Mercedesfurt
63,West Sharonmouth
64,Garciaside
65,Alyssafort
66,Lake Sarahside
67,Johnfurt
68,North Chloe
69,Hobbsland
70,Coreyburgh
71,Marcusburgh
72,East April
73,Port Craigtown
74,North Wendy
75,Lake Shelley
76,East Angelatown
77,Ashleytown
78,Martinfurt
79,North Erik
80,North Gregoryfort
81,New Josetown
82,Port James
83,West Michael
84,Lake Patricia
85,North Jamesberg
86,East Amyberg
87,Merritthaven
88,Ginaville
89,East Timothy
90,Allenstad
91,New Mariobury
92,Mooreside
93,New Scottview
94,West Jessica
95,New Sarabury
96,Russellland
97,Brownburgh
98,Lake Ashleyfurt
99,North Robertmouth
100,Lisaside
101,Brockchester
102,North Anthonyburgh
103,Lake Craig
104,Leslieburgh
105,Port Heidimouth
106,Jonathanside
107,North Sarahbury
108,Lake Nicholas
109,New Stephenhaven
110,Lake Kenttown
111,Dudleymouth
112,West Briannamouth
113,Diazland
114,Port Daniel
115,North Elizabethbury
116,South Amy
117,South Charles
118,Aaronhaven
119,Carrollborough
120,Gutierrezbury
121,West Williamside
122,Jamesfort
123,Port Williamland
124,Susanville
125,East Heathershire
126,Kingstad
127,West Matthewhaven
128,West Jamesmouth
129,South Patriciaton
130,Lake Annshire
131,New Jacob
132,Charlesfort
133,Strongville
134,Charlesland
135,Port Janet
136,Port Angelashire
137,New Adrianamouth
138,Suarezville
139,Adamsshire
140,Lindabury
141,Popeville
142,Arellanoview
143,Rogerside
144,New Jeremybury
145,North Stevenborough
146,Ronaldburgh
147,Figueroamouth
148,Hernandezshire
149,Port Nathanielfurt
150,Hillmouth
151,West Teresa
152,Shanehaven
153,Pattersonfort
154,New Coryville
155,New Melissaview
156,Fisherfort
157,Port Danielle
158,Brandonchester
159,Hernandezfurt
160,Lake Kathleenfurt
161,Simmonschester
162,Gregoryton
163,New Dustinfort
164,Timothyborough
165,Simmonsstad
166,Stephaniemouth
167,West Susan
168,Bentonbury
169,New Krystal
170,New Gabrielview
171,Michelemouth
172,Clarkehaven
173,North Kimberly
174,North Cassandra
175,Brendamouth
176,Tanyaside
177,West Christina
178,West Ashleyshire
179,New Julia
180,New Taylorstad
181,Andrewville
182,East Alyssa
183,Woodhaven
184,Johnsonchester
185,South Richardfort
186,Tracyberg
187,New John
188,Lake Ericstad
189,South Samantha
190,Monicaburgh
191,New Gregoryside
192,North Jeffery
193,Christopherbury
194,Lindsayburgh
195,West Ericaland
196,Karinaport
197,West Tracyside
198,North Vincent
199,Nicholasborough
200,Robertsville
1,Economic send interesting happy history seem.,2023-06-20,2023-10-24,70
2,Girl loss need challenge require point.,2023-06-07,2024-04-17,79
3,Success traditional child which.,2023-10-01,2024-04-24,60
4,Nothing between offer attack since throughout.,2024-03-31,2023-05-11,67
5,Medical student task front support center.,2023-08-08,2023-08-14,29
6,Arrive people society laugh.,2023-11-11,2024-01-12,24
7,Food character marriage suddenly.,2023-10-07,2023-09-22,81
8,Technology lead similar reach must leave executive.,2023-10-09,2023-10-01,4
9,Under question guess maybe hold friend building.,2023-09-29,2023-05-08,34
10,Teacher boy road herself tell practice scientist.,2023-09-10,2024-03-24,10
11,Firm field fall address production enough.,2023-10-23,2024-03-02,49
12,Return necessary Congress discussion.,2024-03-08,2023-07-18,18
13,Call real least lead system plant.,2024-02-22,2023-09-16,99
14,School ok son PM probably.,2023-05-14,2024-04-14,67
15,Necessary language and strategy despite.,2024-02-02,2023-09-14,34
16,Continue ahead too expert.,2024-04-18,2024-01-09,28
17,Participant man agency respond local last win class.,2023-06-15,2023-10-27,20
18,Guess great last political only.,2023-04-26,2023-10-20,84
19,Husband life produce song notice serious.,2023-09-12,2024-01-15,30
20,Report sit outside easy factor quality car rate.,2023-05-11,2023-06-19,53
21,Lose drug sell better.,2024-01-05,2023-12-21,22
22,For enough lose team until quite some.,2023-10-25,2023-11-01,61
23,Challenge case project industry news me personal.,2023-10-17,2023-08-16,99
24,Scientist animal field standard test adult.,2023-10-12,2024-01-30,17
25,Approach nearly name learn.,2023-10-08,2023-10-30,78
26,Effect defense as much from investment he.,2023-06-10,2024-02-23,70
27,His occur society thank writer.,2023-12-03,2023-07-01,90
28,Technology item meet image collection.,2023-08-27,2024-04-01,100
29,Decide five direction blood option.,2024-03-18,2024-02-04,17
30,Operation whose light cultural others radio.,2023-11-04,2023-09-29,93
31,Particularly service level or item talk look.,2023-09-15,2024-03-23,95
32,Energy every class social would late meeting.,2024-04-10,2024-01-17,27
33,Win little hundred go movie.,2023-08-22,2024-02-29,98
34,Leader capital do concern.,2024-01-09,2023-10-22,87
35,Consider lead red road change seek speak.,2023-07-20,2023-12-06,70
36,Cold hear alone say of sea foreign.,2024-01-30,2023-12-09,77
37,Wear election draw southern practice stock.,2023-07-14,2024-01-21,39
38,Material trade decision well pressure gun.,2023-05-20,2023-08-04,99
39,Analysis the huge guy truth.,2023-12-13,2023-05-12,95
40,Art none reveal theory since throughout.,2023-10-05,2023-09-02,42
41,Voice whether friend race else kid benefit.,2024-03-12,2024-03-30,36
42,Season want end rise shoulder stand.,2023-12-22,2023-05-20,89
43,Discover side one long box indicate ten.,2023-10-02,2023-11-01,70
44,Describe suddenly your argue expert already.,2023-05-31,2023-07-21,84
45,Short notice worker own watch big positive.,2023-08-25,2023-07-29,39
46,Also maintain our possible bill.,2024-03-04,2024-04-16,87
47,Concern operation find American course.,2023-07-10,2024-03-14,44
48,Town include camera dinner.,2023-05-25,2024-03-23,66
49,Style those hour.,2024-04-18,2024-04-01,8
50,Help face hand spend relationship activity direction level.,2023-05-17,2023-09-15,53
51,Lead late with far better.,2023-10-29,2023-07-19,100
52,Record same population goal any.,2024-01-15,2023-05-09,49
53,Establish scene yourself today.,2023-08-04,2023-09-28,60
54,Poor church white radio those.,2023-09-03,2023-05-22,52
55,However forward begin never.,2023-09-13,2023-07-06,35
56,Do point administration or always pick good.,2024-01-31,2024-03-31,94
57,South of shake type.,2024-01-07,2023-08-25,24
58,Behavior task color scientist ago.,2024-01-27,2023-08-01,58
59,Agency throughout choice laugh yourself family foreign.,2023-08-02,2023-07-23,8
60,Begin decide know fall quality hand.,2023-12-07,2023-09-23,59
61,Up check blue boy.,2023-06-23,2023-10-06,88
62,Car I upon low western above president huge.,2023-05-26,2024-04-20,93
63,As defense vote low all fire arm few.,2023-04-28,2023-11-09,57
64,Design politics then war senior sing her.,2023-05-20,2024-01-22,70
65,Among material listen probably happy couple.,2023-09-11,2023-05-23,85
66,Friend individual enough school white many.,2024-03-29,2023-05-06,14
67,Some next heavy without condition end ready.,2023-05-07,2023-05-04,73
68,Task dog vote.,2023-10-26,2023-11-25,51
69,Late time no lose card close.,2024-02-29,2024-04-12,63
70,Though fill window their rest people.,2023-07-04,2024-02-12,66
71,Training system city music.,2024-04-03,2023-12-04,79
72,Amount can agreement peace prepare.,2023-08-15,2024-03-25,39
73,Fight price good.,2023-12-27,2024-03-27,55
74,Mrs fire left out feel cover nearly.,2023-12-26,2024-02-19,2
75,Yet choice administration.,2023-08-17,2023-10-11,48
76,Old hot project sing write available challenge.,2024-03-23,2024-04-24,51
77,Condition figure see cause carry film.,2024-03-12,2023-11-14,53
78,Able some side official population.,2023-09-11,2023-06-05,12
79,Show its in cup authority.,2024-01-06,2023-09-11,2
80,Wife performance law hand along already experience.,2024-01-28,2024-02-03,23
81,Situation organization energy six wish total.,2023-06-07,2024-01-23,68
82,Partner space away today.,2023-11-05,2023-05-23,3
83,Local item city cover possible short church.,2023-10-21,2023-05-11,94
84,Relationship teach where realize couple region middle.,2024-04-01,2024-01-27,46
85,Pressure might true apply.,2024-01-04,2023-06-30,48
86,Agree hotel animal particularly each.,2023-09-09,2024-04-22,91
87,Bill few involve in total.,2024-02-29,2023-10-08,98
88,Great under street rise step.,2024-02-27,2024-04-05,27
89,Last I information argue maintain quality.,2023-08-22,2023-08-05,55
90,Either when wrong employee arrive.,2023-09-23,2023-08-24,10
91,Building all social trial unit administration writer.,2024-02-18,2024-02-15,11
92,World visit interview doctor.,2023-10-28,2023-05-03,61
93,Realize family experience life main hundred.,2024-02-16,2023-06-28,48
94,Condition discussion address give past.,2024-04-18,2023-08-13,24
95,Exist though evening key change.,2023-09-11,2023-06-12,24
96,Kitchen table people play pay hundred.,2024-03-06,2023-11-25,48
97,Thank piece clearly accept nature true computer.,2023-05-20,2024-01-29,13
98,Culture amount for.,2023-09-29,2023-09-27,30
99,Imagine strategy offer bring true speech.,2023-12-01,2024-02-13,38
100,At book subject wrong represent.,2023-09-10,2023-10-12,38
101,Ten part follow cost table might manage well.,2023-11-18,2023-11-14,29
102,Strong worker huge provide author.,2024-04-17,2024-04-11,7
103,Hour kid brother out site traditional.,2023-11-23,2023-09-10,96
104,Production go alone instead.,2024-03-24,2023-08-23,37
105,Try others pass party but firm drive choose.,2024-03-07,2024-01-08,30
106,Technology model different single anyone policy fast.,2023-08-14,2023-10-20,64
107,Shake impact value themselves star least.,2024-01-05,2024-03-21,32
108,Left once garden condition interest.,2023-11-11,2023-09-24,33
109,Student red moment.,2023-12-12,2023-07-27,77
110,Policy exist official as.,2023-09-03,2023-12-23,26
111,Main although present whatever.,2023-07-27,2023-09-24,74
112,Travel key reduce interesting what admit give.,2023-12-07,2024-03-11,14
113,Ask reach during.,2023-11-26,2024-03-11,16
114,Memory senior himself.,2023-06-25,2023-10-10,100
115,Structure second let response.,2023-11-06,2023-12-28,71
116,Magazine impact enter.,2023-11-03,2024-03-02,46
117,Require soldier north fly the others look.,2023-09-06,2023-09-23,67
118,Mention add town soldier also.,2023-09-18,2024-03-18,12
119,Phone Democrat ask task.,2023-07-08,2024-02-09,11
120,Treat practice his four.,2024-01-31,2023-07-16,39
121,Politics need save bad pressure ready son.,2023-06-22,2023-12-01,11
122,Choose toward rule price space large church old.,2024-04-08,2024-03-02,67
123,People perhaps eight statement far.,2023-12-04,2023-09-14,21
124,Success he growth share garden sell fast.,2023-12-21,2024-01-29,73
125,Way order current agree wide sell nothing.,2024-04-01,2023-11-11,84
126,Left control hospital pass drug.,2023-11-17,2024-03-25,90
127,Country speech sing break office fish.,2023-07-23,2024-01-20,82
128,Already group market recent.,2023-06-01,2024-03-22,25
129,Require knowledge if up stage different.,2024-01-09,2023-12-04,62
130,Price population yet fish grow anything.,2024-04-16,2024-03-02,8
131,Box place light within office.,2023-08-18,2023-07-18,17
132,Whatever long whatever anything police performance role instead.,2024-01-28,2023-07-06,65
133,Knowledge on recognize travel.,2023-11-02,2023-07-02,50
134,Ahead enough work.,2024-02-24,2023-09-30,37
135,Free will better how attention season believe.,2023-09-07,2023-10-30,87
136,Easy article no black task range enjoy.,2023-07-29,2023-08-06,3
137,Back do system note.,2024-02-18,2023-10-12,23
138,Any laugh tree couple approach century hope.,2023-11-25,2024-04-06,66
139,Join environment treat.,2023-09-10,2024-03-04,6
140,As whole tonight challenge drive affect little western.,2024-02-14,2023-10-14,90
141,Final decade card.,2024-04-20,2023-12-23,45
142,Available past crime without artist plant.,2023-11-07,2023-11-22,51
143,Serious system wonder follow top usually new.,2023-06-16,2023-09-21,87
144,Moment fear cultural without off pretty magazine six.,2023-09-02,2023-09-05,87
145,Performance commercial we entire other himself.,2023-08-17,2023-05-18,10
146,National main present decision question economy set.,2023-11-01,2024-03-12,16
147,Nature however soldier space bag.,2023-10-19,2023-12-28,91
148,Line when campaign it.,2023-09-23,2023-11-13,59
149,Old growth maintain popular.,2024-02-03,2023-10-11,63
150,Positive important firm possible section ahead individual.,2023-08-23,2023-12-08,75
151,Live significant decade address modern.,2023-09-14,2024-01-08,81
152,Treatment imagine include hard bag unit law.,2024-03-12,2023-06-23,89
153,Seek happen time whatever when high.,2024-04-03,2024-03-19,97
154,Child leave color.,2023-06-27,2023-08-01,42
155,Discuss every so growth accept order.,2023-10-15,2024-01-27,70
156,Heart training just safe scene instead.,2023-10-30,2023-06-23,2
157,Near receive production allow her girl age market.,2024-03-11,2023-06-30,86
158,Trip store son water rather provide.,2024-01-16,2024-01-28,48
159,Others near former strategy doctor indicate test.,2023-11-21,2023-07-04,13
160,Move reveal share main outside all person.,2023-11-15,2023-05-29,78
161,Do news ahead huge author money.,2023-11-03,2024-04-06,93
162,Area huge song sister station.,2023-12-17,2023-07-20,68
163,Scene want wife accept movie.,2023-08-08,2023-12-16,74
164,Bar action bank two behavior.,2023-08-14,2024-04-19,70
165,Nearly miss the usually lose.,2023-07-02,2024-01-07,40
166,Product see successful Democrat media up stay.,2024-04-18,2023-09-22,91
167,Experience sister above.,2023-06-15,2023-11-24,27
168,Recently will various agency I.,2023-08-30,2023-05-27,26
169,Audience good goal form manage determine.,2023-10-03,2023-10-19,60
170,Support military else rather local.,2023-06-10,2024-02-27,95
171,Yes capital image realize must author.,2023-09-06,2023-06-30,51
172,Poor itself teacher near hit truth want.,2023-09-23,2024-02-26,79
173,Month might among goal citizen both send.,2023-05-13,2023-06-30,43
174,Republican as with thing glass.,2024-04-07,2023-09-08,57
175,Until age drop past political property.,2023-09-04,2024-02-09,95
176,He leader road decision.,2023-11-16,2023-11-28,61
177,Can serious conference draw fight again.,2023-10-31,2023-06-23,31
178,Federal keep common tonight provide third agree.,2024-04-12,2024-03-24,90
179,Action major program recognize language her.,2023-06-25,2023-10-02,11
180,During attention space car bring adult.,2023-08-14,2023-10-02,74
181,Carry statement cut theory I onto provide.,2023-05-21,2024-03-03,56
182,Attorney fight usually month almost full.,2023-11-18,2024-02-02,95
183,Our ability society various ball media respond.,2023-06-07,2023-09-22,69
184,Remember here can how allow.,2024-02-20,2023-06-26,12
185,Movement take nothing.,2023-04-29,2023-07-30,14
186,Hit none recently year allow real.,2023-09-29,2023-05-31,93
187,Top impact training.,2024-01-30,2024-02-13,65
188,Usually crime miss real better.,2023-12-31,2023-08-07,60
189,Partner note election make number wind range strong.,2023-11-21,2023-12-10,2
190,Billion nice project choice bit everything minute.,2023-12-07,2023-10-21,93
191,Education yet this technology remember happy life.,2024-02-15,2023-09-13,23
192,Which style particular too phone should.,2024-04-06,2023-06-20,2
193,Hospital identify society rest people option.,2023-05-24,2024-02-09,66
194,Travel view child organization seat blood game.,2023-10-04,2024-03-13,14
195,Modern nor safe stay for church model.,2024-02-07,2023-05-08,74
196,Trouble voice however debate wear.,2023-11-21,2024-02-07,34
197,Modern them might hair.,2023-05-28,2023-10-21,2
198,Form test chair his amount.,2023-10-14,2023-10-30,88
199,Difficult you action why author.,2024-03-21,2023-08-18,13
200,What increase store hair director.,2024-01-10,2024-01-07,95
1,Midwife
2,Artist
3,"Presenter, broadcasting"
4,Tourist information centre manager
5,Diplomatic Services operational officer
6,"Optician, dispensing"
7,English as a second language teacher
8,Actuary
9,Museum/gallery exhibitions officer
10,"Surveyor, minerals"
11,TEFL teacher
12,Sales promotion account executive
13,Psychiatrist
14,"Horticulturist, commercial"
15,Health visitor
16,Musician
17,Water quality scientist
18,Adult guidance worker
19,Visual merchandiser
20,"Designer, industrial/product"
21,Estate manager/land agent
22,Magazine journalist
23,"Conservation officer, historic buildings"
24,"Investment banker, operational"
25,Forensic scientist
26,Lobbyist
27,"Engineer, broadcasting (operations)"
28,Barrister
29,Clinical molecular geneticist
30,Best boy
31,Logistics and distribution manager
32,Water quality scientist
33,Financial planner
34,Retail merchandiser
35,Operational researcher
36,Paediatric nurse
37,Clinical psychologist
38,Multimedia programmer
39,Passenger transport manager
40,Plant breeder/geneticist
41,Insurance risk surveyor
42,Maintenance engineer
43,Television camera operator
44,Architect
45,Equities trader
46,Media buyer
47,"Scientist, biomedical"
48,Special educational needs teacher
49,Armed forces training and education officer
50,Diagnostic radiographer
51,Museum/gallery conservator
52,Science writer
53,Passenger transport manager
54,Learning mentor
55,"Psychologist, prison and probation services"
56,Air cabin crew
57,"Designer, blown glass/stained glass"
58,Commercial horticulturist
59,"Designer, interior/spatial"
60,Sports therapist
61,Emergency planning/management officer
62,Financial adviser
63,Civil Service administrator
64,Chief Financial Officer
65,Lobbyist
66,Interpreter
67,Music tutor
68,"Radiographer, therapeutic"
69,Manufacturing systems engineer
70,Learning mentor
71,Veterinary surgeon
72,Actuary
73,"Embryologist, clinical"
74,Lobbyist
75,Chief Executive Officer
76,Environmental manager
77,Advertising account executive
78,Chemical engineer
79,Learning disability nurse
80,"Designer, textile"
81,Illustrator
82,Patent attorney
83,"Designer, jewellery"
84,Museum/gallery curator
85,Soil scientist
86,"Scientist, water quality"
87,Plant breeder/geneticist
88,Paediatric nurse
89,Geophysical data processor
90,Theatre manager
91,Company secretary
92,Tax inspector
93,Learning mentor
94,Orthoptist
95,"Psychotherapist, dance movement"
96,"Designer, exhibition/display"
97,Community arts worker
98,Maintenance engineer
99,Advertising account planner
100,"Accountant, chartered"
101,Town planner
102,Operational researcher
103,Records manager
104,Logistics and distribution manager
105,Recruitment consultant
106,Print production planner
107,Clinical psychologist
108,"Engineer, land"
109,"Accountant, chartered certified"
110,"Engineer, manufacturing"
111,Textile designer
112,Marketing executive
113,Clinical embryologist
114,Research scientist (life sciences)
115,Exercise physiologist
116,"Lighting technician, broadcasting/film/video"
117,"Radiographer, diagnostic"
118,Actuary
119,"Scientist, research (physical sciences)"
120,"Geneticist, molecular"
121,"Engineer, communications"
122,"Engineer, broadcasting (operations)"
123,"Scientist, physiological"
124,Child psychotherapist
125,"Engineer, building services"
126,Multimedia specialist
127,Geoscientist
128,Legal executive
129,Retail merchandiser
130,Hotel manager
131,Museum/gallery exhibitions officer
132,Academic librarian
133,Printmaker
134,Clinical biochemist
135,"Engineer, communications"
136,"Surveyor, commercial/residential"
137,Warehouse manager
138,Video editor
139,Market researcher
140,Advertising account planner
141,Neurosurgeon
142,Legal secretary
143,Planning and development surveyor
144,Housing manager/officer
145,Geoscientist
146,Trade mark attorney
147,Curator
148,Environmental manager
149,Curator
150,Software engineer
151,Optometrist
152,Occupational therapist
153,Environmental consultant
154,Architectural technologist
155,Airline pilot
156,Chief Executive Officer
157,Armed forces operational officer
158,Energy engineer
159,Optometrist
160,"Lighting technician, broadcasting/film/video"
161,Marine scientist
162,Advertising account executive
163,Farm manager
164,Armed forces logistics/support/administrative officer
165,Research scientist (physical sciences)
166,Event organiser
167,"Engineer, civil (contracting)"
168,Make
169,"Horticulturist, commercial"
170,Site engineer
171,Amenity horticulturist
172,Equities trader
173,Production manager
174,Copy
175,Field seismologist
176,"Journalist, newspaper"
177,"Education officer, environmental"
178,Rural practice surveyor
179,"Programmer, systems"
180,Warehouse manager
181,"Programmer, applications"
182,Electronics engineer
183,Chief Marketing Officer
184,"Designer, graphic"
185,Theatre stage manager
186,Medical sales representative
187,Production manager
188,Police officer
189,Armed forces training and education officer
190,Geophysical data processor
191,Land
192,Medical technical officer
193,Broadcast journalist
194,Sports therapist
195,Dance movement psychotherapist
196,Tourist information centre manager
197,Cartographer
198,Trade union research officer
199,Radiation protection practitioner
200,"Social research officer, government"
1,833,Ruben Island,59345,Justinhaven,137
2,3644,Elliott Turnpike,96265,Wagnerfurt,60
3,7642,Perez Meadow,38707,Alvarezfort,161
4,225,Williams Mountain,52409,West Michaela,19
5,687,Sarah Mountain,64746,Woodsberg,147
6,2447,Lindsay Fords,59911,Thomasburgh,19
7,8915,Paul Burgs,71359,Lake Raymond,112
8,7694,Moore Squares,32639,Port Brentberg,80
9,8309,Hannah Center,11745,New Savannah,49
10,3169,Maurice Gardens,20387,North Donaldstad,141
11,5434,Haynes Fields,91433,Jamesville,2
12,466,Jackson Tunnel,29310,East Brandonhaven,26
13,7408,Robert Field,36770,Angelashire,104
14,8984,Davis Spring,68219,North Julie,117
15,4856,Erin Gardens,21727,South Jeffery,57
16,4493,Teresa Port,43917,Brownburgh,53
17,3278,Margaret Ranch,65122,North Brittanyport,184
18,6262,Karen Harbors,15406,West Jennifermouth,138
19,8570,Ryan Islands,93996,Charlesfort,184
20,7507,Erik Greens,48927,Port Michael,119
21,8772,Zavala Mill,86122,North Alyssa,128
22,4074,Tammy Course,78370,North Natalieshire,173
23,4904,Clark Lock,27136,South Curtisberg,140
24,660,Rubio Pine,39026,Connorburgh,4
25,1336,Christina Forks,93181,Alyssaberg,90
26,9063,Claudia Divide,37244,Codyport,79
27,5610,Victor Place,17323,Christopherland,183
28,1537,Williams Stravenue,81985,North Joshua,10
29,9836,Melissa Bypass,98077,Port Matthew,125
30,1982,Chang Crossroad,45718,Stephenshire,183
31,147,Clark Shore,94495,Lawrencebury,11
32,5885,Daniel Pass,96169,New Debra,158
33,6818,Small Neck,11427,East Theodorechester,104
34,3388,Mcclure Well,68211,East Deborahtown,156
35,258,Tami Cape,35280,Port Pamelaside,109
36,8282,Andrew Grove,90198,East Jeremy,181
37,5028,Booth Street,13837,Dianatown,166
38,1134,Baker Haven,80836,Monroebury,194
39,5138,Nicole Plain,63338,Barnetthaven,59
40,5325,Rodriguez Plains,32490,Williamstown,196
41,9216,Alexa Spur,51810,Rivasfort,155
42,551,Myers Pines,18873,Snyderville,67
43,9143,Amanda Club,38991,Jessicaton,59
44,1296,Alexandra Court,83775,Jennifershire,166
45,8324,Sharon Plains,85971,Schneiderberg,94
46,7018,Janet Streets,81126,Williamshaven,182
47,7167,Victoria Meadows,98992,East Margaret,126
48,6869,Potter Forks,70281,West Tanya,110
49,8851,Jake Lights,57342,Mcclainshire,110
50,6859,Gregory Shores,62357,Leeberg,101
51,6225,Michael Alley,28261,Jamesport,107
52,5925,Ebony Mountains,16831,South Natasha,98
53,8410,Poole Roads,12380,North Ashleefort,86
54,2004,Christian Park,91371,North Larry,141
55,756,Garcia Mall,48130,Port Jenniferland,92
56,8836,Justin Oval,45218,Zacharystad,106
57,6727,Garcia Freeway,93111,Johnhaven,100
58,4954,Dylan Lights,28009,Lake Pamelaview,10
59,9473,Elizabeth Springs,18337,East Peter,46
60,2307,Wiggins Viaduct,37831,Sherylland,142
61,8875,James Highway,96998,Wardstad,74
62,6679,Amy Trail,74959,Lake Sheilaside,51
63,8990,Clark Freeway,44808,Patrickchester,181
64,2420,Beth Stravenue,54827,Jeffreyland,177
65,1578,Foster Hollow,87679,Port Dorothyview,21
66,3009,Moyer Passage,62202,New Rebecca,145
67,5544,Allison Prairie,48829,South Jamesville,129
68,4258,Deleon Viaduct,31076,Port Phyllisview,182
69,6493,Mark Field,53982,East Henryton,11
70,5102,Samantha Landing,32104,Allisonville,69
71,6100,Leslie Estates,87670,Alexandermouth,73
72,7528,Mcintosh Square,52171,Alejandramouth,126
73,223,Moss Row,14825,North Emilytown,48
74,3762,Matthew Knolls,56789,Hansonland,123
75,5395,Christine Parkway,19703,West Nathan,66
76,1339,Deborah Fort,61725,Meganberg,42
77,9854,Cox Springs,55248,North Alexanderton,90
78,5345,Darren Neck,13171,Victorside,192
79,8542,Rodriguez Summit,17998,Port Kathryn,185
80,8732,Laura Point,53548,Lake Isaacburgh,2
81,6388,Kristen Neck,87606,Landrystad,43
82,4771,Jill Roads,96200,Christineview,45
83,2293,Mary Plaza,77362,Darinton,142
84,2901,Vega Port,24946,Ryanbury,107
85,6973,Hayes Walk,41800,West Alejandroburgh,159
86,446,April Fall,85525,West Jessica,15
87,2415,Jessica Valleys,49179,Johnsonside,121
88,5807,Perez Squares,85126,Port Jonathanchester,13
89,1778,Stokes Points,74098,Lake Josephberg,128
90,2210,Jenna Well,38428,Christophertown,64
91,5415,Gail Manors,38539,New Patrickshire,69
92,6802,Barber Road,29608,East Jamesbury,185
93,9344,Rhonda Trafficway,47311,North Lorishire,24
94,749,Dunlap Pines,30496,Tylerberg,58
95,3056,Jon Crossing,67137,West Hunter,5
96,3687,Jessica Mill,96764,Sanchezfurt,105
97,8257,Johnson Points,57615,New Rebeccafurt,4
98,1039,Kennedy Mountains,66974,South Marciaburgh,83
99,5894,Thompson Wall,75927,Port Kristi,127
100,3499,Travis Trafficway,83897,North Garyburgh,167
101,4764,Hannah Radial,55466,New Stanley,44
102,5611,Hannah Inlet,84586,Amandachester,99
103,881,Reilly Pine,46538,Wallaceville,59
104,5813,Christina Cliff,60079,West Danielland,102
105,2894,Lee Station,39481,Jonesstad,67
106,5946,Turner Manor,36724,Bellburgh,147
107,2858,Gallagher Walk,35617,Lake Steven,65
108,1475,Lane Green,97709,Catherineland,153
109,9803,Brittany Expressway,71981,Kevinhaven,24
110,7716,Jacob Lights,38798,Port Anthony,5
111,9141,Meghan Expressway,20761,Port Johntown,196
112,4792,Schroeder Via,31758,East Tammie,56
113,4919,Oneill Crossroad,59983,Craigshire,61
114,6191,Jill Manors,19184,New Ashley,58
115,8523,Conner Road,40438,New Emily,95
116,4960,Jacqueline Views,36175,Banksview,133
117,6378,Keith Field,61705,Robertborough,78
118,7947,Landry Stream,84775,Cookshire,168
119,472,Julie Villages,68332,Port Donaldside,6
120,4963,Hall Crossing,66586,South Michelle,195
121,3074,Lopez Fork,76407,North Sheri,148
122,6018,Cooley Islands,42680,Kyleland,39
123,2101,John Court,30014,Christopherburgh,9
124,6732,Howard Square,98020,Amandaview,34
125,6056,Simpson Trafficway,98125,East Morganfurt,141
126,7246,Sloan Divide,12210,New James,164
127,814,Rachel Forks,45728,West Patrickbury,99
128,3709,Robinson Passage,36188,Mckenzieview,147
129,8910,Hogan Way,88290,Nathanton,63
130,5046,Huffman Valley,15376,East Regina,60
131,4486,Lisa Crossing,53654,North Dennisland,55
132,2595,Phillips Cove,92231,Burkebury,161
133,3084,Robert Islands,25908,New Kari,182
134,1117,Bond Plaza,66776,Clarkshire,127
135,386,Howell Alley,66256,West Stacey,92
136,2893,Andrew Mountains,25187,East Debra,21
137,4265,Scott Square,74160,Lake Jamesbury,111
138,9315,Karen Tunnel,87787,Lake James,96
139,9394,Medina Valley,84883,East Sarah,144
140,6323,David Square,49545,Port Steven,43
141,76,Velasquez Ferry,48383,Lake Jacob,196
142,2631,Green Hills,24258,New Lauren,85
143,9715,Graves Forest,12033,West Leahton,126
144,7937,Christine Manors,14114,Dylantown,62
145,9024,Molly Loaf,40015,Lake Andrew,27
146,1549,Sloan Ridge,61247,Danielfort,70
147,7447,Allen Hills,30396,Madisonfurt,46
148,1550,Joanne Track,78835,Jeremymouth,103
149,5614,Freeman Vista,79818,West Willie,35
150,4699,Derrick Place,91330,Caroltown,152
151,7358,Thomas Hill,33279,New Gregoryhaven,136
152,7538,Odom Highway,22001,Port Julie,98
153,1290,Watson Manors,29315,Madisonstad,84
154,4280,Sawyer Gateway,96603,South Josephberg,42
155,6193,Donovan Harbor,67434,Christopherfurt,89
156,4906,Quinn Glen,74461,Scottland,195
157,7638,Brown Villages,62304,South Oscar,125
158,6909,Mccoy Road,94070,Kerrshire,199
159,6912,Ryan Pines,98133,Anthonymouth,140
160,5712,Patricia Ville,47321,Nobleland,85
161,3393,Blair Trafficway,42010,North Jenniferchester,148
162,8857,Orozco Drives,42860,East Barbara,28
163,2282,Heather Ports,92813,Lake Isaiah,95
164,7019,Cynthia Stravenue,53988,East Howardmouth,51
165,6199,Mckenzie Prairie,58679,West Daveland,55
166,4689,Karen Roads,98145,Port Kimberly,49
167,9218,Steele Forks,31804,Anitaberg,195
168,4778,Kelli Mill,32070,Port Tara,135
169,7967,Andrew Path,96216,Sherryburgh,31
170,8995,Debra Haven,87971,Robertside,76
171,9875,Jason Keys,69305,West Diana,142
172,791,John Green,14170,Claudiastad,116
173,6453,Brown Path,24178,Mcbrideshire,117
174,9792,Barbara Mountains,48494,Smithhaven,96
175,8383,James Villages,49320,New Christineland,189
176,8047,Annette Cliff,43455,South Jonathan,47
177,4675,Alexander Road,54062,Stevenfort,37
178,3541,Burgess Circle,62080,West Lauramouth,3
179,8533,Katherine Prairie,52284,West Melissaberg,148
180,9803,Dunn Glens,16888,Davisborough,37
181,2806,Scott Cape,62770,Smithfurt,152
182,4795,Kayla View,39639,Jamesmouth,107
183,5607,Hamilton Squares,77147,Lake Melissa,106
184,8088,Gray Heights,45531,North Steven,107
185,930,Mays Station,84300,East Barrystad,168
186,5528,Olivia Curve,54472,West Randallside,141
187,5407,Young Ferry,78660,Cordovachester,162
188,6562,Jennifer Tunnel,93404,North Jamesmouth,60
189,448,Brooke Cliffs,42977,North Thomas,43
190,7216,King Trail,57160,West Douglas,136
191,6737,Chandler Light,79012,Blaketon,26
192,5772,Jasmin Landing,75969,Clarkton,85
193,2604,Michael Keys,55504,Baileyberg,69
194,1508,Long Circle,26572,Port Michelle,90
195,4569,Jessica Crescent,59855,West Anthony,169
196,3106,Johnson Stravenue,36139,New Donnastad,141
197,3453,Jacob Plaza,27835,Port Joelshire,80
198,9618,Bell Creek,96978,Roberthaven,125
199,4781,Abigail Spurs,83963,Jamiefurt,190
200,5824,Nelson Drive,48035,Port Troy,83
1,"Coleman, Jenkins and Foster",75
2,Thomas-Butler,176
3,Spencer Group,17
4,Gardner Group,69
5,Cole Inc,98
6,Marshall PLC,187
7,Sanchez-Price,148
8,Campbell Group,96
9,Moran LLC,96
10,Shah-Patterson,199
11,Willis-White,30
12,"Wilson, Baker and Brandt",137
13,"Marshall, Flores and Patterson",97
14,Rogers-Thompson,142
15,Ramirez LLC,41
16,Sanchez LLC,175
17,Wade LLC,3
18,Mcdonald-Murillo,111
19,Miller-Harrell,75
20,"Carroll, Larson and Zimmerman",178
21,Rodriguez and Sons,137
22,"Chung, Haynes and Shah",120
23,Smith-Miller,20
24,Oneal-Higgins,143
25,"Wilson, Vazquez and Reid",44
26,"Alvarez, Morgan and Rojas",70
27,Rocha-Jackson,103
28,Joseph Inc,168
29,Guzman-Thompson,21
30,"Harmon, Hernandez and Morales",167
31,Duke-Bailey,160
32,Kim Group,96
33,Ortega-Jensen,72
34,Kennedy-Kelley,69
35,Anderson Ltd,192
36,"Williams, Charles and Howard",162
37,Kim LLC,129
38,Simpson Group,123
39,Ellis Inc,83
40,King-Baldwin,113
41,Nunez-Miller,158
42,Harper PLC,157
43,Schwartz Group,41
44,Bowman Ltd,141
45,Turner PLC,87
46,"Price, Taylor and Lewis",164
47,"Dorsey, Dalton and Ellis",156
48,Johnson-Shaw,5
49,Doyle Group,176
50,Johnson-Mcdonald,141
51,Shaw LLC,100
52,Mora-Singh,56
53,"Tucker, Oliver and Jones",56
54,"Sanchez, Johnson and Huynh",34
55,Maxwell Group,176
56,Smith LLC,62
57,"Gomez, Rosales and Winters",76
58,Pierce and Sons,194
59,Padilla-Cruz,178
60,Cameron Inc,5
61,Martinez LLC,165
62,"Diaz, Cantu and Benitez",189
63,Meyer LLC,163
64,Black-Griffith,62
65,Morton Group,74
66,Raymond LLC,67
67,"Jones, Santos and Williams",14
68,"Thompson, Randall and Rodriguez",103
69,"King, Stone and Taylor",89
70,Morris-Smith,156
71,"Olson, Randall and Reyes",43
72,Gillespie Group,15
73,Malone-Stevens,174
74,Cooper-Carter,179
75,Williams LLC,107
76,Wood-Jackson,45
77,Cabrera Group,17
78,"Shields, Black and Eaton",195
79,Hoffman Inc,148
80,"Stark, Walton and Keller",180
81,"Ballard, Mcdowell and Jones",153
82,"Russell, Johnson and Sutton",161
83,Chapman Group,133
84,"Brown, Hall and Mendoza",195
85,Blair-Mitchell,39
86,Anderson-Alvarado,20
87,Parker Ltd,188
88,"Ray, Moore and Johnson",144
89,Allen-Miller,137
90,"Brown, French and Hoffman",20
91,Walker-Rocha,78
92,"Jackson, Gordon and Lambert",192
93,Ward PLC,171
94,"Stevens, Anderson and Buckley",62
95,Shelton-Wilkinson,108
96,Anderson-Cantu,13
97,Davis-West,61
98,Brown and Sons,140
99,Moody Group,127
100,Howell Inc,145
101,Ray-Randall,23
102,Clark-Torres,179
103,Stanley-Mejia,46
104,Thomas-Estrada,50
105,Galloway PLC,111
106,Bruce Ltd,156
107,Lambert-Shepard,172
108,"Mullen, Johnson and Martin",187
109,"Lowe, Long and Barnett",133
110,Chang-Greene,171
111,Beck-Johnson,130
112,"Payne, Hudson and Adams",59
113,Gardner-Adams,44
114,Porter LLC,46
115,Stevens-Brown,46
116,Sanchez PLC,44
117,Waller LLC,106
118,"Maynard, Jackson and Morales",100
119,Taylor-Ramos,133
120,Jackson Inc,171
121,"Clayton, Willis and Miller",57
122,"Kramer, Tran and Crawford",142
123,"Barron, Weber and Bradley",126
124,Hunt LLC,101
125,Holloway PLC,109
126,Wright Group,93
127,"Black, Flores and Allen",153
128,Mason Group,98
129,Jones-Crosby,166
130,"Barnes, Bowman and Maxwell",85
131,Stephens Ltd,49
132,Velasquez PLC,25
133,"Webb, Jackson and Jones",29
134,Harding Ltd,166
135,French Group,44
136,"Johnson, Lowe and Carrillo",78
137,Peters Inc,143
138,"Cobb, Morales and Henderson",75
139,"Khan, Compton and Matthews",149
140,Mckenzie PLC,31
141,Huerta-Chapman,102
142,Sheppard PLC,115
143,Taylor-Meyer,134
144,Bruce Inc,157
145,Henson-Campbell,133
146,Smith Inc,118
147,Peterson and Sons,124
148,"Hughes, Lamb and Morgan",143
149,Russell Ltd,104
150,"Johnson, Marsh and Owen",1
151,"Lynn, Riddle and Pierce",77
152,"Collins, Lyons and Carr",33
153,Barnes LLC,50
154,"Smith, Weber and Reese",34
155,Wood-White,160
156,Pearson-James,186
157,Little Inc,74
158,Hanson Ltd,154
159,"Figueroa, Rogers and Miller",53
160,"Vazquez, Nguyen and Gonzalez",120
161,Smith-Adams,95
162,Braun PLC,23
163,Walter PLC,27
164,"Lee, Sullivan and Harris",96
165,Griffith-Gordon,78
166,Davis-Villa,139
167,Patterson-Rich,5
168,"Smith, Floyd and Barnett",49
169,"Peters, Bryant and Griffith",10
170,"Castillo, Williams and Nguyen",23
171,Gaines Inc,57
172,"Meza, Garner and Ross",187
173,Johnson Inc,152
174,Mccullough-Jones,42
175,Hall Inc,200
176,Nguyen-Calderon,64
177,Foster-Santana,158
178,Moses-Jackson,84
179,Mitchell and Sons,155
180,Davis-Hendrix,60
181,Jordan Ltd,76
182,Gomez-Durham,87
183,"Ortiz, Odonnell and Mills",183
184,"Flowers, Smith and Ruiz",108
185,Edwards PLC,5
186,Banks Inc,67
187,Warren-Burton,145
188,Sanders LLC,151
189,"Tran, Rivera and Martin",163
190,Hudson-Bryant,51
191,Andersen-Villegas,124
192,Williams-Bennett,60
193,Lee-Douglas,28
194,Hill-Evans,147
195,Shaw Inc,87
196,Price Ltd,71
197,"Obrien, Maynard and Foster",34
198,Barajas Ltd,194
199,Walker-Aguilar,16
200,"Gallagher, Bell and Gould",137
1,Gonzalez,Alicia,1932-02-02,157
2,Guerrero,James,1983-09-25,69
3,Powers,Julia,1983-12-02,75
4,Rivera,Jane,1953-07-20,51
5,Jensen,David,1977-11-24,103
6,Lopez,Daniel,1977-11-06,159
7,Stewart,Scott,2023-12-16,17
8,House,Christina,1952-01-28,177
9,Orr,Ethan,1976-01-06,86
10,Lambert,Courtney,1956-10-26,127
11,Jordan,Andrew,2004-07-25,119
12,Turner,Lisa,2017-12-29,161
13,Hanson,Laura,1973-05-30,15
14,Elliott,Christian,2011-01-07,178
15,Aguirre,Gregory,1950-03-28,82
16,Rose,Angel,1990-10-04,79
17,Cooke,Denise,1956-09-29,187
18,Newman,Joshua,1914-11-02,5
19,Ballard,Rodney,1971-05-30,160
20,Hawkins,Kimberly,1909-04-03,189
21,Moore,David,1939-12-26,23
22,Alvarez,Jessica,1962-12-20,22
23,Williams,Christine,1935-05-29,158
24,Adams,Nathan,1963-11-05,146
25,Thompson,Victoria,1963-09-01,135
26,Ayers,Laura,1979-03-18,18
27,Velez,Michael,2016-09-26,40
28,Cummings,Russell,1954-03-12,113
29,Robertson,Jennifer,1962-11-25,90
30,Ray,Jeremiah,1922-10-10,128
31,Rodriguez,Clarence,1985-04-08,163
32,Schwartz,Fred,1914-12-04,35
33,Brown,Randy,1935-07-21,164
34,Scott,Frank,1981-09-09,51
35,Smith,Christopher,1957-10-27,143
36,Reilly,David,1946-02-21,188
37,Jennings,Mark,1935-06-29,12
38,Knight,Brenda,1930-03-09,138
39,Kelly,Douglas,1983-04-28,131
40,Stanley,Becky,1993-06-16,144
41,Myers,Megan,2009-03-26,49
42,Moran,Robert,1961-10-16,174
43,Palmer,Eric,1961-03-19,65
44,Taylor,Ryan,1913-06-20,167
45,Allen,James,1920-06-30,168
46,Norris,Patrick,2007-01-03,34
47,Grant,Katherine,1952-09-12,75
48,Holland,Tina,1988-01-30,82
49,Watts,Denise,1999-05-02,82
50,Mills,Allen,1970-01-29,122
51,Mclaughlin,Katherine,1925-09-14,28
52,Odom,Sean,1929-01-03,194
53,Hernandez,Donna,1941-03-06,42
54,Lozano,Julie,1974-09-29,164
55,Gonzales,Deborah,1967-02-28,42
56,Johnson,David,1989-10-30,38
57,Morales,Charlene,1924-01-17,54
58,Martinez,Breanna,1937-06-24,46
59,Kelly,Dustin,1956-06-03,73
60,Cruz,Brett,2002-05-09,40
61,Collins,Karen,2017-01-11,33
62,Hall,Catherine,1924-02-21,60
63,Larsen,Richard,1916-08-24,124
64,Johnson,Stephanie,1959-12-15,36
65,Vasquez,Vincent,1973-07-16,2
66,Brooks,Mary,1980-04-25,199
67,Hill,Justin,2008-06-08,79
68,Davis,Wesley,2003-02-13,124
69,Cantu,Brett,2009-02-01,64
70,Cohen,Robert,2021-12-01,157
71,Jackson,Stacy,1951-06-08,179
72,Young,Ashley,1985-04-23,20
73,Williams,Stephanie,1914-12-17,49
74,Mcdaniel,Jeff,1945-07-09,27
75,Morris,Michael,1967-02-10,134
76,Fisher,Melanie,1938-02-26,23
77,Smith,Patrick,2015-07-07,42
78,Anderson,Amanda,1912-12-09,83
79,Clark,Rachel,1995-02-06,59
80,Walker,Ashley,1932-01-11,138
81,Payne,Mary,1986-10-16,186
82,Williams,John,1964-07-05,80
83,Dickson,Maria,1989-06-03,79
84,Dickson,Louis,1938-06-28,48
85,Smith,Diana,2007-11-14,55
86,Tapia,Jose,1927-12-12,116
87,Nelson,Shelley,1985-03-09,77
88,Allen,Michelle,2011-05-13,175
89,Avila,Robert,1969-12-18,46
90,Franklin,Michelle,2013-02-10,123
91,Ruiz,Lisa,2019-11-05,150
92,Johnson,Todd,1995-03-18,198
93,Meyer,Lori,1960-08-13,169
94,Knight,Brandon,1954-01-17,72
95,Brooks,Samuel,1997-05-12,188
96,York,Justin,1937-02-08,196
97,Cook,Steven,1978-12-27,147
98,Dennis,Mark,1918-10-31,155
99,Stevens,Julia,2016-10-17,61
100,Wilkins,Heather,1974-06-17,167
101,Powell,Alexander,1981-10-06,51
102,Hoffman,Andrew,1981-07-01,96
103,Gardner,Shawn,1944-03-28,108
104,Ramos,Tara,1911-06-19,28
105,Chang,Jessica,1975-02-01,74
106,Camacho,Matthew,1959-12-28,107
107,Chapman,Sandra,1986-10-22,12
108,Garcia,Alicia,1911-06-04,123
109,Price,James,2002-11-09,174
110,Martinez,Brenda,2006-04-23,158
111,Garrison,Emily,2018-10-21,29
112,Fitzpatrick,Robert,1948-04-30,59
113,Douglas,Nancy,1933-12-27,60
114,Reyes,Pamela,1965-08-05,132
115,Fitzgerald,Matthew,2011-01-09,16
116,Nichols,Crystal,1927-06-09,98
117,Thompson,Tiffany,1955-12-08,125
118,Henderson,Joshua,1987-04-09,56
119,Hood,Crystal,2013-10-16,75
120,Neal,Tara,1908-06-06,15
121,Nunez,Angel,2013-10-02,34
122,Russell,Kristen,1957-01-24,88
123,Ramirez,Courtney,1928-03-05,102
124,Hill,Lisa,2015-07-23,121
125,Porter,David,2017-12-18,108
126,Byrd,Susan,1985-04-26,91
127,White,Michael,1946-10-02,54
128,Cantrell,Spencer,1964-06-05,82
129,Mahoney,Robert,1932-07-07,135
130,Chan,Gregory,1963-01-11,138
131,Parker,Whitney,1910-06-22,144
132,Murphy,Krista,1944-12-06,73
133,Logan,Amanda,1977-07-26,154
134,Phillips,Danielle,1936-06-16,77
135,Gibbs,Sherry,1962-11-19,84
136,Hall,Pamela,1992-10-20,46
137,Hines,Paul,1993-02-16,60
138,Berry,Tabitha,1959-09-20,166
139,Robinson,Lisa,1984-02-01,135
140,Gomez,Kevin,1928-05-12,115
141,Stanley,Sheila,1957-02-19,48
142,Nelson,Alexis,1998-01-09,22
143,Rodriguez,Michelle,2002-01-26,68
144,Moss,Jason,1921-12-22,106
145,Richards,Sydney,1911-12-08,155
146,Gonzales,Stephen,1940-05-18,156
147,Murphy,Kaitlyn,1973-03-30,176
148,Lopez,Tyler,1913-02-09,182
149,Harmon,James,2020-05-30,136
150,Black,Stephanie,1936-06-25,33
151,Navarro,Kimberly,1946-08-22,55
152,Melendez,Sherry,1967-10-13,119
153,Pierce,Jasmine,2022-03-07,44
154,Burton,Larry,1912-08-18,161
155,Howard,Monique,1948-04-05,121
156,Lamb,Dana,1910-04-08,124
157,Johnson,Jose,2000-05-17,153
158,Knight,Kevin,1919-04-08,20
159,Jones,Nicole,1947-10-08,138
160,Ashley,Jonathan,1949-09-24,135
161,Hernandez,Kelly,1942-04-29,37
162,Mitchell,Amy,1929-03-25,121
163,Mendez,Scott,1908-09-11,148
164,Graves,Matthew,1984-03-10,44
165,Bentley,Leah,2019-10-16,118
166,Hernandez,Ronald,1928-10-12,88
167,Simpson,Benjamin,2009-05-24,70
168,Villarreal,Yvonne,1927-10-19,74
169,Johnson,Michelle,1975-09-20,136
170,Hill,Gabriel,2015-06-11,82
171,Chang,Russell,1974-04-09,198
172,Rhodes,Ariel,2012-04-21,168
173,Anderson,Donald,2013-12-14,89
174,Garcia,Dwayne,1910-10-18,146
175,Juarez,Katelyn,1930-09-20,157
176,Collins,Hunter,1989-02-06,110
177,Gomez,Steve,1981-05-06,188
178,Garcia,Jennifer,1999-08-02,158
179,Curry,Johnny,1931-01-19,182
180,Daniels,Ronald,1914-02-25,57
181,Hanna,David,1952-03-25,80
182,Moore,Mark,1911-11-24,44
183,Watkins,Barbara,2015-05-03,37
184,Douglas,Beth,1932-09-22,23
185,Bailey,Luis,1987-11-02,56
186,Perez,Justin,1957-06-23,153
187,Lopez,Wendy,1958-06-20,80
188,Mathis,Amy,1976-04-08,23
189,Stephens,Jesse,1909-03-17,155
190,Jones,Dylan,2007-10-22,132
191,Harris,Gina,1984-09-07,79
192,Rowe,Paul,2007-02-26,134
193,Phillips,Sandra,1963-08-04,194
194,Barton,Ronald,1953-12-30,111
195,Harris,Angelica,1992-09-11,172
196,Jones,Terri,1934-10-15,157
197,Salinas,Sonya,1990-10-02,172
198,Martinez,James,1987-12-02,81
199,Mcconnell,Amy,1934-03-08,64
200,Giles,Kathleen,1972-06-05,27
1,air,150,113,100
2,door,169,100,152
3,tough,159,27,129
4,unit,141,28,32
5,news,126,98,77
6,several,119,81,154
7,may,42,154,70
8,magazine,87,92,95
9,indeed,96,108,140
10,four,200,184,139
11,pull,28,192,19
12,mother,41,8,58
13,save,77,184,31
14,reflect,51,79,109
15,say,11,136,140
16,north,20,192,157
17,threat,32,85,174
18,building,122,125,118
19,partner,26,69,83
20,five,108,69,9
21,economy,53,150,88
22,seven,79,108,182
23,team,172,19,41
24,language,115,72,126
25,reason,99,180,121
26,free,6,82,152
27,account,46,80,153
28,difficult,159,193,146
29,character,31,132,79
30,half,104,92,53
31,board,86,36,50
32,attention,70,55,128
33,bad,75,68,76
34,thus,164,80,120
35,north,16,116,33
36,commercial,68,125,104
37,window,103,133,112
38,ever,134,29,151
39,above,20,188,200
40,five,122,181,24
41,myself,24,134,190
42,another,122,86,120
43,speech,13,154,104
44,teacher,82,30,173
45,always,36,73,146
46,day,41,15,170
47,whether,41,192,129
48,us,78,41,108
49,usually,21,156,67
50,very,141,15,74
51,easy,136,112,161
52,computer,89,31,187
53,foot,16,170,146
54,source,139,149,58
55,friend,107,5,44
56,seek,106,187,46
57,option,100,104,92
58,leave,3,63,195
59,huge,192,165,126
60,stand,144,22,11
61,office,98,174,45
62,stop,127,146,32
63,act,121,140,88
64,which,122,83,29
65,lawyer,59,123,62
66,suddenly,106,70,70
67,hear,199,170,185
68,military,125,164,56
69,kitchen,162,28,180
70,term,146,165,2
71,them,131,199,111
72,expert,66,37,95
73,run,194,69,50
74,wish,132,43,127
75,their,17,167,107
76,couple,146,195,57
77,I,138,177,193
78,hit,200,12,20
79,although,87,140,147
80,half,138,167,45
81,process,89,96,51
82,fast,104,179,100
83,get,22,72,200
84,body,124,71,80
85,player,49,121,84
86,doctor,49,193,198
87,guy,179,139,59
88,senior,140,76,94
89,speak,28,125,109
90,each,78,198,3
91,however,119,41,50
92,his,76,127,74
93,money,70,79,80
94,range,87,83,105
95,Congress,60,55,55
96,area,60,190,161
97,general,140,178,100
98,good,95,1,107
99,once,147,137,105
100,buy,192,29,21
101,about,140,108,198
102,positive,122,42,119
103,capital,24,80,186
104,gas,96,185,157
105,stay,86,71,81
106,move,63,115,132
107,ready,161,22,150
108,week,152,142,73
109,church,79,142,108
110,father,191,4,61
111,type,147,122,78
112,road,23,81,27
113,reflect,66,98,103
114,sound,21,18,155
115,form,88,140,143
116,beautiful,45,72,169
117,visit,66,33,107
118,ago,1,185,153
119,international,21,29,149
120,nothing,53,182,72
121,agreement,155,65,163
122,know,156,51,127
123,street,70,37,160
124,play,90,48,64
125,operation,68,156,39
126,eight,63,97,125
127,fine,1,11,140
128,than,198,150,65
129,nearly,93,15,145
130,child,182,135,96
131,check,151,68,105
132,far,21,161,186
133,use,80,17,185
134,sure,6,137,138
135,my,84,78,164
136,expert,169,18,80
137,course,1,58,108
138,price,17,15,160
139,expect,166,72,74
140,south,135,71,68
141,care,18,195,78
142,evening,54,6,52
143,director,199,149,23
144,seat,149,9,8
145,today,72,109,175
146,Democrat,87,31,70
147,local,199,22,103
148,claim,16,27,21
149,deep,158,156,127
150,music,30,182,93
151,say,36,194,56
152,doctor,144,121,165
153,by,197,113,47
154,hour,47,106,154
155,campaign,92,38,123
156,money,100,112,111
157,somebody,149,195,20
158,step,65,90,8
159,agreement,1,6,122
160,deep,96,173,81
161,day,167,163,156
162,president,110,176,144
163,fine,190,40,124
164,he,39,23,138
165,decision,71,184,1
166,perform,14,151,19
167,way,72,76,138
168,media,78,170,117
169,share,99,46,84
170,capital,112,192,159
171,body,143,54,158
172,herself,144,122,81
173,very,147,110,86
174,whether,74,10,199
175,wrong,87,148,10
176,former,28,49,186
177,benefit,19,77,181
178,camera,17,182,168
179,go,143,93,1
180,low,195,112,157
181,it,181,131,139
182,direction,118,42,105
183,true,109,108,45
184,although,64,111,16
185,where,149,123,58
186,behind,5,73,90
187,this,39,136,127
188,enjoy,128,84,18
189,ever,55,141,95
190,democratic,109,114,60
191,performance,98,101,71
192,whole,131,178,21
193,example,131,146,186
194,almost,7,147,165
195,want,155,143,73
196,throw,138,82,165
197,market,200,24,61
198,her,185,157,23
199,someone,62,39,58
200,who,19,85,25
1,21.45,2023-12-29,96
2,63.61,2024-04-13,158
3,50.15,2024-02-04,90
4,70.89,2023-09-01,80
5,96.56,2024-01-10,159
6,78.36,2023-07-22,143
7,21.19,2023-12-16,118
8,38.58,2024-02-10,31
9,13.1,2023-11-06,91
10,78.36,2023-09-02,66
11,41.18,2023-07-28,92
12,43.17,2023-10-07,72
13,5.26,2023-11-14,89
14,33.6,2023-06-20,120
15,10.67,2023-07-09,24
16,54.45,2023-10-10,56
17,44.15,2024-04-24,22
18,56.47,2023-09-12,99
19,9.77,2024-02-20,16
20,95.31,2023-08-08,98
21,54.75,2024-04-18,110
22,49.64,2023-11-23,183
23,43.69,2023-08-25,135
24,22.57,2023-08-23,30
25,42.33,2023-09-03,27
26,7.09,2023-11-14,85
27,22.62,2023-12-21,86
28,44.42,2023-10-05,172
29,40.5,2023-09-18,137
30,33.57,2023-08-23,82
31,30.12,2023-04-29,90
32,96.09,2023-10-28,147
33,71.99,2023-08-18,37
34,42.75,2024-04-24,166
35,19.95,2023-10-12,48
36,19.59,2023-08-21,52
37,15.26,2024-04-17,173
38,56.99,2024-02-27,156
39,48.22,2023-08-28,147
40,65.36,2024-03-07,112
41,94.86,2023-10-28,170
42,84.84,2023-09-01,131
43,33.54,2023-05-05,33
44,35.28,2023-08-13,71
45,32.83,2023-06-23,96
46,66.91,2023-05-10,24
47,45.15,2023-09-13,162
48,87.97,2023-11-16,74
49,1.17,2023-07-16,189
50,35.03,2023-08-01,39
51,76.59,2023-09-03,164
52,5.92,2023-10-10,170
53,22.2,2023-04-26,158
54,97.56,2023-10-26,117
55,63.29,2023-11-09,71
56,63.59,2023-07-06,190
57,17.12,2023-08-30,9
58,76.99,2024-01-27,185
59,45.5,2024-03-18,51
60,69.58,2023-07-11,55
61,43.86,2023-11-26,151
62,79.29,2024-04-08,187
63,45.61,2024-04-23,52
64,90.6,2023-11-16,71
65,25.12,2023-09-01,154
66,70.83,2023-09-19,68
67,83.96,2024-01-15,148
68,76.02,2023-09-04,59
69,17.17,2024-02-10,53
70,45.55,2024-04-17,43
71,58.26,2023-12-21,83
72,8.41,2024-02-24,38
73,79.49,2024-02-02,87
74,34.51,2023-12-29,54
75,2.63,2023-11-05,1
76,28.03,2023-06-27,147
77,26.53,2023-12-23,48
78,68.99,2023-10-22,195
79,62.81,2024-03-31,46
80,94.22,2023-10-03,129
81,3.87,2024-03-25,76
82,59.24,2024-02-15,173
83,12.73,2023-06-18,189
84,18.58,2023-11-07,59
85,51.19,2023-12-28,90
86,57.38,2023-05-20,143
87,60.83,2023-10-27,18
88,30.78,2023-07-12,143
89,35.74,2023-11-19,26
90,75.15,2023-06-04,173
91,65.76,2023-06-25,3
92,8.16,2024-03-15,54
93,32.0,2023-09-02,19
94,95.23,2024-04-20,87
95,5.26,2023-11-14,48
96,92.4,2023-08-05,197
97,93.79,2024-02-23,13
98,28.44,2023-06-19,184
99,88.8,2024-03-07,79
100,78.74,2024-03-10,172
101,92.2,2023-12-02,4
102,14.5,2023-07-10,44
103,18.16,2023-04-25,150
104,14.29,2023-08-15,57
105,33.79,2024-01-24,111
106,93.9,2023-05-08,76
107,18.03,2023-09-13,89
108,2.09,2023-06-14,153
109,47.46,2023-12-10,121
110,26.95,2023-07-30,43
111,8.01,2023-09-07,161
112,55.39,2023-09-07,19
113,52.3,2023-06-06,115
114,83.81,2024-03-16,120
115,68.84,2023-07-30,7
116,30.8,2023-12-27,65
117,83.02,2023-06-07,24
118,40.98,2023-08-30,1
119,12.23,2024-04-22,90
120,45.5,2023-12-25,90
121,56.55,2024-04-10,104
122,62.39,2023-11-26,97
123,38.33,2023-08-28,96
124,43.71,2023-11-27,85
125,69.69,2023-10-17,57
126,64.83,2024-01-30,41
127,35.13,2023-12-26,39
128,21.34,2024-04-07,171
129,96.82,2023-07-23,143
130,93.97,2023-09-05,101
131,15.28,2023-08-21,92
132,21.25,2023-09-08,124
133,45.7,2023-09-05,183
134,88.77,2023-07-17,95
135,74.16,2023-07-22,150
136,45.53,2023-12-22,25
137,62.65,2024-02-11,116
138,30.78,2023-10-25,88
139,57.34,2024-04-04,195
140,10.4,2024-02-14,150
141,66.05,2023-11-16,49
142,97.37,2024-02-14,116
143,54.55,2023-11-28,78
144,50.31,2023-12-07,188
145,5.68,2023-10-17,174
146,73.01,2023-04-29,113
147,1.18,2023-06-09,70
148,67.29,2023-05-03,164
149,83.27,2024-01-17,24
150,12.99,2023-11-06,144
151,30.77,2023-11-08,108
152,88.97,2024-02-12,192
153,4.17,2023-09-11,112
154,78.42,2023-07-17,199
155,66.73,2023-10-10,61
156,85.04,2023-09-18,15
157,80.35,2024-01-25,77
158,18.84,2024-04-18,120
159,35.73,2024-02-01,188
160,41.19,2023-07-23,28
161,89.21,2023-07-17,21
162,92.36,2024-02-09,151
163,82.84,2023-06-21,120
164,77.43,2023-07-10,56
165,52.09,2024-03-05,127
166,5.76,2024-01-12,130
167,3.74,2023-11-20,102
168,14.33,2024-02-19,83
169,88.49,2023-10-05,61
170,9.35,2023-07-31,7
171,90.33,2023-11-29,180
172,26.14,2023-09-12,108
173,92.69,2023-08-26,115
174,87.95,2023-10-26,87
175,68.26,2024-01-07,51
176,60.77,2024-01-08,152
177,26.67,2023-11-11,34
178,80.32,2023-09-03,4
179,27.93,2024-02-18,131
180,50.0,2023-07-04,95
181,29.82,2024-02-28,19
182,63.86,2023-12-04,55
183,38.05,2023-07-23,14
184,39.38,2023-10-11,114
185,73.48,2023-05-16,80
186,17.75,2023-10-20,46
187,39.15,2023-08-05,70
188,7.19,2023-09-29,144
189,70.18,2023-12-09,130
190,6.41,2023-08-16,6
191,24.54,2024-02-18,80
192,68.4,2024-03-30,102
193,26.07,2023-09-28,24
194,80.08,2023-10-06,140
195,31.15,2023-12-04,192
196,58.35,2024-04-17,124
197,5.46,2023-12-03,85
198,64.87,2024-03-17,89
199,97.55,2023-08-08,33
200,28.39,2024-01-02,171
200,47
121,104
60,137
75,117
28,29
160,179
75,45
184,118
60,138
99,55
49,62
127,141
170,165
59,44
102,167
8,81
140,46
167,21
85,15
113,158
199,153
149,83
8,117
79,101
172,172
144,166
192,121
51,97
8,68
173,56
40,51
57,77
191,171
104,81
2,90
196,2
81,10
132,128
28,23
188,123
115,137
197,65
45,198
109,31
108,99
115,189
177,42
16,164
154,141
103,197
131,117
62,193
193,35
97,86
177,88
133,62
185,145
21,179
78,158
92,23
172,9
37,89
181,51
136,198
118,195
102,39
101,25
160,80
174,11
55,61
14,200
136,33
1,132
10,145
183,193
11,150
28,122
18,117
132,23
151,126
53,173
162,92
91,40
4,20
57,130
94,73
29,167
189,121
90,49
107,140
193,34
26,117
110,132
85,61
133,193
51,127
36,5
169,51
199,200
79,14
95,192
33,130
158,162
175,52
9,103
85,184
77,162
113,65
98,16
68,157
139,196
41,28
120,78
192,82
70,131
41,75
24,51
121,90
138,117
1,129
124,59
121,54
110,14
68,88
110,198
122,151
74,152
94,79
185,53
10,109
83,69
33,55
63,16
90,73
18,90
5,12
189,66
196,101
166,35
98,136
165,140
69,130
27,119
2,110
183,177
196,28
99,46
21,33
138,111
90,126
96,158
6,74
28,82
102,31
2,17
110,37
49,67
185,121
52,89
5,13
13,62
158,185
33,7
126,146
85,77
106,49
107,43
49,80
176,90
194,180
4,105
142,86
42,96
181,176
47,10
106,151
145,133
195,117
58,40
82,122
37,90
121,109
126,107
181,186
194,72
32,112
18,58
102,120
109,12
37,151
46,155
99,149
199,101
44,116
32,85
140,39
163,81
90,85
79,76
91,101
167,69
149,139
105,6
183,58
96,22
55,146
6,140
74,156
50,144
126,117
114,130
95,153
38,115
142,139
57,36
61,52
191,14
123,45
42,169
156,156
154,58
130,76
83,200
143,10
87,53
134,66
140,198
32,172
104,170
147,125
26,113
178,18
31,8
44,49
7,17
137,2
170,41
141,29
138,6
87,36
75,11
91,92
22,153
92,76
109,114
134,83
17,191
94,22
185,3
8,162
62,6
180,56
32,184
91,114
178,109
178,159
7,59
126,88
156,123
149,86
82,7
149,125
197,44
76,126
174,150
64,22
76,105
114,129
197,103
2,133
87,92
145,23
169,87
53,12
24,114
63,65
159,39
186,101
89,17
108,191
113,75
112,101
136,138
174,133
199,74
153,165
104,127
66,131
30,69
58,193
117,75
162,25
128,174
26,187
145,51
15,161
171,54
184,154
56,57
10,117
141,89
93,179
81,154
7,25
35,182
183,38
163,91
120,160
7,79
162,177
49,138
40,141
166,78
194,153
5,84
168,152
76,106
102,96
194,17
15,174
56,62
121,19
99,14
80,184
5,144
25,31
172,31
44,94
113,168
98,121
69,156
99,169
93,138
71,41
153,125
7,80
32,50
54,103
37,15
184,5
184,52
107,43
52,51
174,24
112,179
175,192
28,177
173,134
131,118
98,132
33,106
50,23
76,49
196,22
47,190
62,31
134,165
128,137
92,156
199,35
88,188
48,86
66,47
37,154
65,195
98,129
158,179
157,155
195,59
96,132
167,82
88,163
12,75
83,98
23,44
115,86
17,11
191,144
30,24
106,156
144,148
85,159
197,83
193,56
137,155
86,73
157,19
103,106
11,90
124,29
78,159
179,82
118,124
69,65
40,129
5,186
15,28
154,133
112,13
6,78
104,135
54,7
189,191
198,49
118,108
125,115
25,191
93,159
72,144
179,75
139,24
177,82
142,59
149,21
61,188
104,178
171,74
134,134
172,21
199,145
74,122
12,146
51,116
57,145
82,6
146,54
121,116
50,33
93,131
68,24
188,91
190,14
105,164
150,151
20,85
99,3
48,68
124,164
38,114
1,103
92,139
64,149
146,153
4,85
141,198
144,43
43,83
122,107
87,196
65,162
184,57
41,10
31,120
177,121
6,180
52,158
14,73
176,80
32,156
117,142
64,75
130,1
150,137
13,157
26,31
10,171
144,138
175,168
5,73
91,96
51,200
49,162
4,105
39,122
176,57
133,197
6,146
62,192
137,39
72,194
14,101
102,194
186,31
156,73
154,46
78,191
76,50
35,194
102,186
174,12
137,164
35,119
118,38
187,68
172,60
61,175
172,1
77,44
182,39
71,165
115,41
36,84
1,55
116,15
7,7
61,75
145,105
65,34
99,112
122,30
41,131
10,148
65,87
63,157
166,163
141,162
198,26
100,26
27,20
74,20
172,52
8,196
188,63
30,70
158,38
2,144
91,58
78,152
120,141
17,117
18,194
5,187
63,157
150,149
98,112
89,149
23,189
54,33
67,30
77,114
91,188
43,109
17,3
41,1
145,8
168,27
184,29
47,14
163,194
185,184
199,58
141,42
176,133
155,11
79,12
167,2
67,187
195,119
147,167
52,108
91,180
4,43
48,198
173,48
3,20
188,40
186,138
199,25
85,56
109,79
24,195
119,3
130,124
28,140
100,56
171,21
187,112
129,18
121,53
81,160
160,103
74,20
13,134
1,40
63,160
73,83
179,64
200,174
121,191
194,65
40,29
115,52
73,81
191,46
99,177
176,85
101,95
148,191
138,175
116,163
91,114
96,20
11,109
146,32
64,186
196,55
146,118
138,162
26,66
86,178
168,91
9,70
124,145
141,185
199,83
179,135
157,199
143,80
3,75
58,144
139,14
7,24
98,84
92,172
175,138
26,56
117,92
157,13
31,113
96,189
6,93
81,129
121,96
68,10
109,71
65,109
167,7
64,56
132,120
176,150
101,171
112,150
180,178
72,193
42,166
191,195
73,132
124,96
9,109
145,52
108,101
180,121
70,195
57,135
86,75
89,9
66,80
103,61
117,7
100,101
154,105
132,137
3,133
43,24
173,143
97,143
154,72
43,190
155,77
177,106
190,113
146,179
61,83
168,139
88,65
79,161
168,163
176,200
128,147
155,196
152,84
114,51
179,58
72,67
105,55
144,19
58,49
84,111
83,115
110,95
127,5
136,98
52,156
27,105
23,7
160,86
190,175
48,8
43,33
187,5
81,139
13,93
99,172
182,74
4,188
103,11
25,134
20,79
18,12
118,76
145,36
75,113
104,63
2,91
3,10
22,89
41,178
163,19
165,154
192,18
95,39
32,197
193,192
23,75
178,48
148,104
157,108
79,68
73,51
180,95
67,49
121,16
161,64
134,100
121,143
20,138
185,129
129,162
10,53
19,36
15,93
200,39
82,135
4,183
87,167
29,127
89,70
155,131
82,59
13,121
70,148
75,170
80,141
22,83
71,43
78,47
25,99
152,176
120,31
100,165
71,80
117,127
184,115
106,115
154,16
22,127
128,2
199,83
103,132
165,53
137,75
90,21
56,17
11,76
199,78
85,4
89,20
32,193
107,100
14,60
61,152
7,158
21,172
40,1
98,56
116,199
43,1
138,79
1,200
186,32
64,118
112,150
113,98
177,26
9,10
30,173
156,85
116,77
160,103
124,42
111,110,2024-01-17
155,14,2023-10-11
159,185,2024-01-04
58,2,2024-03-30
51,29,2023-09-03
17,124,2024-04-05
114,83,2023-06-14
68,42,2024-02-15
117,121,2023-12-09
50,138,2023-12-09
62,179,2024-04-16
108,139,2023-10-14
131,147,2023-07-29
145,101,2024-04-20
12,106,2023-12-22
41,29,2024-01-30
154,107,2024-03-02
13,142,2024-02-25
187,152,2023-07-07
125,89,2023-11-24
147,106,2024-01-22
50,12,2024-01-05
25,171,2023-07-19
21,175,2023-07-07
127,140,2023-11-20
92,170,2023-10-29
7,88,2023-06-10
5,157,2023-11-15
104,68,2024-03-31
161,90,2023-11-18
124,4,2023-06-10
170,26,2023-08-15
169,31,2024-02-07
154,121,2024-04-11
39,89,2023-08-19
134,124,2024-02-06
114,16,2023-07-27
186,79,2023-06-27
98,76,2023-07-18
52,121,2024-01-11
169,170,2023-06-25
160,108,2023-11-09
2,103,2023-08-04
171,112,2023-11-13
42,42,2024-01-21
102,193,2023-05-05
171,26,2023-12-15
62,186,2023-10-11
2,106,2023-09-25
140,133,2023-08-13
125,114,2024-01-20
66,74,2024-03-22
183,15,2023-11-04
21,165,2023-05-22
174,79,2023-10-26
94,31,2023-05-01
147,102,2024-01-09
158,170,2023-12-02
86,32,2024-03-18
42,152,2023-12-27
140,31,2024-03-15
53,103,2023-11-29
160,56,2023-11-17
112,155,2024-02-04
119,165,2023-11-04
58,130,2023-08-11
69,151,2023-06-14
29,144,2023-12-06
176,197,2023-09-15
23,168,2023-11-10
184,108,2023-08-16
145,157,2024-01-26
23,76,2023-11-04
8,46,2023-08-20
86,83,2023-05-20
178,97,2023-09-26
100,44,2023-06-03
46,111,2023-10-16
183,95,2023-10-13
10,144,2024-02-23
9,38,2023-05-31
27,96,2024-02-05
63,156,2023-11-17
115,74,2023-06-06
109,30,2024-03-26
50,137,2024-04-03
36,58,2023-06-28
157,122,2024-01-22
113,154,2023-12-29
140,5,2023-08-06
137,59,2023-05-13
162,199,2023-11-24
162,185,2023-06-22
143,38,2023-06-14
140,140,2023-05-04
68,44,2024-04-14
145,32,2023-05-22
131,31,2024-03-21
83,35,2023-09-09
111,22,2023-07-24
175,44,2023-07-15
166,15,2023-09-14
176,32,2023-07-16
116,178,2024-02-13
140,162,2023-06-11
163,28,2024-02-05
92,113,2023-11-14
51,6,2023-07-10
148,149,2023-04-26
142,43,2024-01-11
12,150,2024-03-06
174,130,2023-10-01
141,95,2024-02-26
98,128,2023-09-29
91,114,2024-04-07
76,107,2024-03-02
152,90,2023-11-05
113,125,2024-03-08
154,148,2023-10-11
196,30,2024-01-07
33,125,2024-01-02
2,148,2023-07-06
150,164,2024-04-02
30,54,2023-07-05
121,162,2024-04-01
154,132,2024-03-12
94,56,2023-08-20
137,36,2024-02-17
93,49,2023-09-29
109,177,2023-09-05
157,10,2023-10-28
53,74,2024-01-28
186,51,2024-01-09
136,192,2024-03-17
107,121,2023-05-19
28,182,2024-01-10
190,95,2024-02-07
67,17,2024-02-03
55,126,2023-06-04
8,181,2023-10-06
85,3,2023-07-21
198,148,2023-10-01
99,56,2024-04-13
197,120,2023-10-26
18,26,2023-10-20
60,132,2023-05-28
21,82,2024-02-23
160,68,2023-09-16
17,164,2024-01-16
143,85,2023-07-01
40,6,2023-05-17
154,165,2023-11-24
46,52,2024-04-07
59,175,2023-11-06
119,6,2023-06-29
21,149,2023-05-29
61,135,2023-11-28
78,27,2023-10-01
95,155,2023-07-11
104,95,2023-07-15
138,115,2023-12-21
53,69,2023-07-08
60,75,2024-04-05
190,17,2024-03-11
72,152,2023-08-04
183,30,2023-06-12
142,137,2023-10-29
8,161,2023-11-20
13,41,2023-11-01
57,113,2023-06-17
96,165,2023-07-19
76,134,2024-01-12
172,24,2023-07-24
91,187,2023-04-28
116,83,2023-05-02
59,10,2024-02-18
46,141,2023-06-20
154,144,2023-10-17
42,150,2023-08-23
101,1,2023-08-05
164,58,2023-12-31
74,8,2023-11-28
34,135,2023-07-28
69,48,2023-11-23
192,39,2023-12-31
144,12,2023-06-16
89,44,2023-09-14
175,83,2023-05-17
78,57,2024-01-19
78,137,2023-07-21
83,20,2024-02-08
195,46,2023-05-07
191,151,2023-12-05
195,4,2023-12-22
177,166,2023-11-14
143,40,2023-05-10
78,24,2023-12-13
72,62,2023-08-16
88,186,2024-02-07
1,119,2023-12-04
